mean,label,std,skewness,cragness
-1.793851981176208,0,0.0,0.0,0.0
-1.683223132905223,0,0.07822640880727105,-6.005737738693791e-15,-1.9999999999999998
-1.52984291905044,0,0.13258017508689546,0.195182268125445,-1.5000000000000002
-1.7538696660087796,0,0.11453122281313129,0.4167104975860501,-1.499999999999999
-1.6000303869260697,0,0.11458678500610812,-0.4205778218712945,-1.4999999999999956
-1.689440640060296,0,0.0772569484888841,0.195711764388424,-1.4999999999999982
-1.5614008638058223,0,0.06567675606752564,-0.4420303237536758,-1.5000000000000007
-1.4169335366118352,0,0.13633605194502538,0.07366761062109584,-1.5000000000000009
-1.4815512628739944,0,0.07236737057408021,-0.12825760913698114,-1.5000000000000002
-1.6195592068775349,0,0.10350427157529879,-0.40995007114520743,-1.500000000000001
-1.5800465841632183,0,0.0710736335051138,0.4693080723069611,-1.4999999999999947
-1.4158013212634388,0,0.10805479295918048,0.6022296447603178,-1.4999999999999978
-1.5504596889983226,0,0.0875450043801651,0.6173349405313708,-1.5
-1.5028145128775792,0,0.06828156696537035,0.34002535117624566,-1.4999999999999962
-1.6191531724926154,0,0.05848581195922709,-0.21721356856850152,-1.5000000000000024
-1.5940944061428084,0,0.061229955096217786,0.5762162899251576,-1.5000000000000029
-1.6116094992940508,0,0.012855785107607933,0.4432282565596277,-1.499999999999975
-1.4358609984917698,0,0.09680919835704792,0.681156445966821,-1.4999999999999971
-1.3845151456487643,0,0.11909084599301654,-0.5621280016022824,-1.5000000000000004
-2.3885116190397424,0,0.5654185057719247,-0.7005523527420847,-1.5000000000000009
-0.6774754350356865,0,0.8598021956567012,-0.20869674743580013,-1.5000000000000002
-0.8764018161404377,0,0.9357432504071086,-0.6713256453869075,-1.4999999999999998
-0.8650628541153252,0,0.11172087014533882,0.6989212103583552,-1.4999999999999987
-0.5514568694556551,0,0.18442094243430082,0.7041007563551095,-1.4999999999999993
-0.5584882848649332,0,0.17906522132455488,-0.7058803850245617,-1.5000000000000018
-0.7496125052164,0,0.11243039653592109,-0.7039966512464383,-1.5000000000000013
-0.7034389627446994,0,0.09972559237488822,0.5404299350695202,-1.4999999999999998
-0.6097695987483509,0,0.07125305170691117,0.3880423944308012,-1.499999999999998
-0.6541782080437643,0,0.04685562272329589,-0.063338816938972,-1.5
-0.6182642120770937,0,0.023572929889456685,-0.6052154657273039,-1.4999999999999951
-0.6130764218586071,0,0.022383346120286713,-0.6646147332454777,-1.5000000000000053
-0.678082587681993,0,0.03612698165823201,-0.6907384654834382,-1.5000000000000036
-0.6329302149953757,0,0.03331343937060638,-0.4352430312993239,-1.5
-0.4793685050439774,0,0.10416911103352104,0.5606060837111155,-1.5000000000000009
-0.4799515250743001,0,0.08849107134386351,-0.7070722506277726,-1.4999999999999998
-0.5554753943788007,0,0.04377300033751489,-0.7069656627294868,-1.4999999999999998
-0.3815543207506922,0,0.08721085989845248,0.1593831498210853,-1.5000000000000002
-0.159113659487508,0,0.19867520081831075,0.14855986978156088,-1.4999999999999998
-0.2565668290118186,0,0.11150399180051442,-0.15019211785435768,-1.4999999999999998
-1.700188057375235,0,0.8629841318603763,-0.6969759255011194,-1.4999999999999998
0.1255761996148794,0,0.962937404283731,-0.5838980114165168,-1.4999999999999998
0.3002792081031587,0,1.107986578102228,-0.687380670166193,-1.4999999999999996
0.0418084040129002,0,0.131874524531158,0.39995734399036864,-1.4999999999999996
0.0543542742383838,0,0.14574156837998786,0.7012164906010864,-1.5000000000000002
0.2120509869253222,0,0.09487552291349385,0.6932220282756584,-1.4999999999999993
0.2653791111714009,0,0.1097296859183638,-0.5239058233391336,-1.5000000000000002
0.2141936127241923,0,0.030189498538912153,0.703101893092357,-1.499999999999999
0.2473213882178221,0,0.025959860421719955,-0.34217954901718517,-1.5000000000000002
0.1088165165507551,0,0.0723249396619069,-0.5439039889120559,-1.5000000000000007
0.2163914528876579,0,0.07270101707553742,-0.5658666648107067,-1.4999999999999991
0.4292028101459591,0,0.16304826372869807,0.376949622551576,-1.5
0.3565472574312504,0,0.10817513012521102,-0.3655832720125222,-1.5000000000000007
0.2052795522374399,0,0.11423832792837292,-0.3992268915754798,-1.4999999999999996
0.3422229978600892,0,0.08350709585203286,-0.6837722175141282,-1.4999999999999991
0.2052721628914836,0,0.07906646840072948,0.7071067742384665,-1.5000000000000009
0.333146919748273,0,0.07658313547342925,-0.695950195478349,-1.5
0.3806553440211038,0,0.09070856633673212,-0.4952314943530095,-1.5
0.3462030823288256,0,0.02454408310878728,0.48875546944365683,-1.5000000000000038
0.4732499672041586,0,0.06570341636808387,0.4947508895566827,-1.5000000000000009
-1.5094554826564024,0,1.109859639899442,-0.6966971391792588,-1.4999999999999998
-0.7903210086360521,0,1.0037336053967925,0.32129952074158347,-1.4999999999999993
-0.9197692197037192,0,0.38332777962387876,-0.6174746032882669,-1.499999999999999
-0.4856883945842055,0,0.22285422426222387,0.4483304620033193,-1.5000000000000009
-0.6422860869103506,0,0.21982792094542208,-0.32543456810319427,-1.4999999999999996
-0.8467821773104318,0,0.18107558649834302,-0.1607263380799421,-1.5
-0.7457015035513128,0,0.10225026649967443,0.01398186439239521,-1.5000000000000004
-0.6042695290608011,0,0.12181453838856723,0.2003764120293466,-1.4999999999999998
-0.6775002976006664,0,0.07073089066116817,0.043520377990342654,-1.5000000000000002
-0.6551860270797747,0,0.0375347880867886,0.43653229669480714,-1.5000000000000004
-0.7026795233944071,0,0.02376114570970128,-0.07371638185248082,-1.4999999999999991
-0.59630282805139,0,0.05328987494839157,0.13021870594832077,-1.5000000000000009
-0.8648055163311026,0,0.13521250713304953,-0.2477173563006558,-1.499999999999999
-0.7716945132957068,0,0.13633634618870505,0.35461782485315574,-1.4999999999999993
-0.6721506601234059,0,0.09634532613732216,0.04086704538027679,-1.5000000000000002
-0.6443289403425686,0,0.06696394050733544,-0.5722845380632217,-1.5000000000000002
-0.5583848276013694,0,0.05930585026770562,0.5361036536965574,-1.5
-0.5176167006492178,0,0.0646843906700694,-0.40450561233580434,-1.5
-0.6830422554047262,0,0.08618500318876905,-0.5333130349551906,-1.4999999999999998
-0.7276929163132495,0,0.11067317657065953,0.5798416695292928,-1.5000000000000013
-1.5618159565893206,0,0.4949744346483337,-0.7006389405847636,-1.500000000000001
-0.7298821239839137,0,0.4809504376376588,-0.7070902991883945,-1.4999999999999998
-0.5663743839505485,0,0.533815293808305,-0.633206989689309,-1.4999999999999998
-0.4099506825354576,0,0.15997879163735446,-0.027110623914010076,-1.5000000000000002
-0.7421106656886893,0,0.16617353855326736,-0.07106271613155377,-1.5
-0.928258707901198,0,0.26255937651841244,0.3288446624048238,-1.5
-0.8672736867220089,0,0.09489998969261577,0.3930847667657913,-1.4999999999999982
-0.8612327460762085,0,0.03707682414183162,-0.6860478102630116,-1.4999999999999998
-0.9189203456471496,0,0.03170628088739356,-0.6783389437043406,-1.5000000000000002
-0.8681500757368715,0,0.03149954735294531,-0.6689376291696224,-1.4999999999999958
-0.8713489643068495,0,0.028433810617697584,-0.6970515461246335,-1.4999999999999953
-0.7629034885215121,0,0.061708316871741734,0.7049696718502255,-1.4999999999999956
-0.9329061078771907,0,0.08607225039719822,0.32259362710556666,-1.5000000000000013
-0.8075479904306356,0,0.08813690084960435,-0.5085391948934643,-1.5000000000000024
-0.4733295776511788,0,0.23756654933762986,0.4921401736241203,-1.4999999999999991
-0.9060335841924062,0,0.226801718429794,0.5600865572275481,-1.4999999999999996
-1.255414340766758,0,0.3917814541805243,0.12958352685336286,-1.5000000000000007
-1.205465071503247,0,0.18895372368104646,0.6519245853442919,-1.5000000000000007
-0.7949008941473973,0,0.252695636337828,0.6761521894811747,-1.4999999999999996
-0.756018352701958,0,0.24902381037375282,-0.6877622070962601,-1.4999999999999987
-1.6632583338135023,0,0.5129393853695899,-0.7025384813333544,-1.5000000000000002
-0.1957489491184187,0,0.7405594711755951,-0.2799137984828679,-1.5
-0.2363158156609169,0,0.8358024502377788,-0.7052332256541215,-1.5
0.0709276540062909,0,0.16691346608763835,0.660407748254431,-1.5000000000000002
0.1171705223015966,0,0.19213256866351786,-0.6613044518547294,-1.5000000000000002
-0.0290689561774785,0,0.07474814376985274,-0.4150717712579681,-1.5000000000000002
0.1296449583422346,0,0.08825314279815785,-0.6912464168500891,-1.5000000000000007
-0.2104558972219639,0,0.1701763404036752,-0.08142701883976304,-1.5000000000000002
-0.1758231105320612,0,0.1871624797563066,0.6799661504505687,-1.4999999999999998
-0.0288275669369654,0,0.09643302521510531,0.6058926575850797,-1.4999999999999996
-0.0420520627085831,0,0.08131960645195199,-0.6861267894602525,-1.4999999999999996
-0.3741907207027691,0,0.19568967073815072,-0.7034755553730858,-1.5
0.1373709772268961,0,0.2595522061110022,-0.3464488244910089,-1.5
-0.0060480949891262,0,0.26387920024489153,-0.4794811260520703,-1.5000000000000002
-0.4545232719461426,0,0.3087711711570093,-0.539389669591098,-1.5
0.0286013045528973,0,0.26948714306147237,-0.6939786288578987,-1.5000000000000004
-0.1570734360280877,0,0.24370777261399615,-0.2742964354412689,-1.5000000000000002
-0.0764156220454145,0,0.09310330026231975,0.1589996606962388,-1.5
-0.0805457844840425,0,0.045422502956610045,-0.7005354206472978,-1.5000000000000007
-0.0799242594203451,0,0.0022269213196089953,0.645647068627698,-1.5000000000000002
-1.3788741707456582,0,0.7497697265381019,-0.7071062345495964,-1.5000000000000002
-0.7558387002904554,0,0.6496543184589424,0.049807698756256145,-1.5
-0.8601742244680338,0,0.33369365524862993,-0.6301343983132898,-1.5000000000000004
-0.7730657187033754,0,0.05593234536078692,-0.632394050409028,-1.500000000000002
-0.7297583184244448,0,0.06642255044364395,-0.38430642347602706,-1.4999999999999984
-0.9741754642703212,0,0.13042264748651813,-0.6204094133864578,-1.5000000000000009
-1.1487663114729336,0,0.21047145623927435,0.20067695195388588,-1.4999999999999993
-1.0472415803790691,0,0.08768113848277956,-0.19643089588803553,-1.5000000000000024
-0.8790387673129403,0,0.13623044534024867,0.29174798782478034,-1.5000000000000013
-0.7895440910100351,0,0.13083671721973114,-0.353575125955743,-1.4999999999999996
-0.7909482906271298,0,0.051269225574167764,-0.7065100925436721,-1.5000000000000002
-0.8640925711424655,0,0.04264100811565411,-0.7062442173757246,-1.500000000000003
-0.7186518234744415,0,0.07272078567723815,-0.007139220077586558,-1.5000000000000002
-0.7430630230618382,0,0.07788567396738126,-0.6297661612617759,-1.5
-0.7314070382745469,0,0.01220972393383082,0.055081666734880005,-1.5000000000000007
-0.7576649502854893,0,0.013156469911346717,-0.1363560234846401,-1.500000000000004
-0.6480394296781433,0,0.05723837709479675,0.5434122192799586,-1.5000000000000067
-0.5501850301779744,0,0.10379559682197333,-0.06934792588530178,-1.4999999999999996
-0.5559466337624622,0,0.054908655415086674,-0.6983580726829949,-1.499999999999998
-0.658509575986287,0,0.06094609697379497,-0.7000040108407072,-1.4999999999999958
-1.6874449717371915,0,0.6257682870661532,-0.6857973187768864,-1.5
0.1548169098678375,0,0.9232313597392385,-0.14214512692664688,-1.4999999999999996
0.0376601073736747,0,1.0314748414091066,-0.6968580332520623,-1.5
0.0198220348427784,0,0.07333431380247436,0.6603306178351722,-1.4999999999999998
0.1163456337349706,0,0.05135889087822141,0.6123586270190112,-1.5000000000000002
0.1753109791015688,0,0.0784968458856673,-0.2855477803861462,-1.5
0.1127431538891991,0,0.03512981299651213,0.6987505070182554,-1.499999999999998
0.1043589243342568,0,0.038771170846200846,0.6700882255594103,-1.5000000000000009
-0.1707315084206209,0,0.16129833935399385,-0.7049580514883242,-1.5000000000000002
-0.3218073860613885,0,0.2160695841291291,0.33861016432263763,-1.5
-0.0584228997036216,0,0.13216689704738166,-0.17790430879783004,-1.5000000000000002
0.1425061355753098,0,0.2328557891509663,-0.1629346924225932,-1.5
0.2697006810671948,0,0.1654368025757089,-0.26690777603527654,-1.5
0.0021785403911516,0,0.13381478625630355,-0.060036044276019725,-1.4999999999999998
1.5574316162392243e-05,0,0.15508214542483778,0.7069520404930124,-1.5000000000000007
0.1358164028080414,0,0.07778776865361708,0.7064917752161923,-1.5
0.2032478407515129,0,0.103515069726286,-0.3848541832783934,-1.5000000000000002
0.2945980102010623,0,0.07969049622118077,0.18196094740423277,-1.5
0.3103703986673986,0,0.057834338287339734,-0.6484026935100237,-1.5000000000000016
0.3179361527785508,0,0.01190712512279889,-0.39978308277445734,-1.5000000000000058
-1.5641737347058922,0,1.0844592029491147,-0.7070680631495476,-1.5000000000000002
0.0578194599022623,0,1.019874195332832,-0.655712280872,-1.4999999999999996
-0.2805963503950123,0,0.855663298804761,-0.5847208572239021,-1.5000000000000004
-0.4969336885433733,0,0.2796063185524141,0.2617039223296911,-1.5
-0.4994832103501669,0,0.12564487083281756,0.7067792543953781,-1.5000000000000013
-0.5889380013557979,0,0.0523982399058345,-0.705223936666421,-1.5000000000000038
-0.6333637506355223,0,0.06819067128282165,0.3847822482291439,-1.4999999999999996
-0.7246877796938812,0,0.06921190625095207,-0.3937770938395588,-1.4999999999999998
-0.6979111223251758,0,0.04694576810058575,0.4572543390845888,-1.4999999999999978
-0.6262967559609927,0,0.05086976901981966,0.49316487720789337,-1.4999999999999967
-0.924505664962792,0,0.15567180093117225,-0.5425132495615521,-1.4999999999999998
-0.4297703661009485,0,0.24910312163819864,-0.24533924861010084,-1.5000000000000002
-0.5042021846106499,0,0.2667577325160695,-0.6456785437383463,-1.4999999999999998
-0.3806682852553385,0,0.06219825056481596,-0.24478827488666657,-1.5000000000000002
-0.239691595981287,0,0.13235111301989816,0.08054990500746498,-1.5
-0.6964269256203204,0,0.23387500480109544,-0.42924511963132644,-1.5000000000000002
-0.3426928715387096,0,0.23956356328537942,-0.5629142830249211,-1.4999999999999996
-0.9050811056303736,0,0.2842958768892622,0.30345921398730313,-1.4999999999999996
-0.5094716524778728,0,0.28884901680055985,-0.45130085372523604,-1.5
-0.8140460242933957,0,0.20718742457996023,0.556653145944511,-1.5000000000000009
-1.656622847448914,0,0.5942301903876908,-0.5039314712519984,-1.4999999999999998
1.7673185613033988,1,1.784038190793614,0.5338460152523088,-1.5000000000000002
1.5728607073249246,1,1.9231377424276073,-0.6989821311540496,-1.4999999999999996
1.5702648856177668,1,0.1130270958409366,0.706687217160906,-1.499999999999993
1.7672719889587605,1,0.11300020905851262,0.7066870174896113,-1.500000000000002
1.7092289075686156,1,0.10123553185581421,-0.45473955907790914,-1.4999999999999998
1.7445295524373516,1,0.029247088870205846,-0.2575559109647762,-1.5000000000000036
1.2363176238534348,1,0.2837753166821199,-0.6948167688228946,-1.4999999999999978
1.239628135964134,1,0.29246531538002807,0.7070048579156253,-1.4999999999999982
1.8166977357402416,1,0.334131051323152,0.7070286922027424,-1.499999999999998
1.6740157265603397,1,0.3005716934979349,-0.5321128894362416,-1.4999999999999991
1.4726836125817209,1,0.17283831210854686,-0.20514081822256863,-1.5000000000000013
1.3732375171514437,1,0.15323820088922646,0.38715885072921746,-1.5000000000000002
1.2304252288118005,1,0.1217743816133636,-0.21500459322399154,-1.4999999999999987
1.5426190283071894,1,0.15628521707950688,0.10377188250763533,-1.5000000000000002
1.5211212611782652,1,0.1743709196265513,-0.6950345557970644,-1.4999999999999971
1.1627398159284696,1,0.2133883901435333,-0.6990414354363331,-1.4999999999999998
1.2625722877029748,1,0.18495555970963332,0.48250019708546465,-1.499999999999999
1.1453921300885623,1,0.06324377961916453,0.6477250832023301,-1.5000000000000038
1.0646745948653562,1,0.0995071242520351,0.22104526780708497,-1.500000000000001
-0.873846887418382,1,1.1432196542798496,-0.7031431950806523,-1.5000000000000004
1.1958504505921137,1,1.1589305208804144,-0.6969290694949007,-1.5000000000000004
1.208865998672968,1,1.198715245679759,-0.7070129979848773,-1.4999999999999998
0.9551165634610348,1,0.14289330796986285,-0.7005125678897199,-1.5000000000000002
0.9455960043085808,1,0.14932654756692212,0.7038745351443831,-1.5000000000000009
0.9151866023826072,1,0.020855752858463316,-0.5449782700437075,-1.5000000000000002
0.8070416417470277,1,0.07282098555266626,-0.5709324488136339,-1.5000000000000016
0.8936963921986893,1,0.05725121166174134,-0.5966801157887344,-1.4999999999999987
1.194103232460645,1,0.20312967551859237,0.5651119559465483,-1.5000000000000004
1.0084151328098043,1,0.1515941563712555,0.2797030630403204,-1.4999999999999998
1.0868596807215656,1,0.09321551805591503,0.1871864128663698,-1.4999999999999991
1.4643485304453627,1,0.24376444977421025,0.6256207779728109,-1.4999999999999998
1.1483264831557116,1,0.20254461806409305,0.6345516617536976,-1.5000000000000024
1.1744031658742136,1,0.17541296141344087,0.6895673039741658,-1.5000000000000013
0.9121355668877258,1,0.1444820841184193,-0.6812820830331873,-1.5000000000000002
1.2324518477857669,1,0.17066363738756263,-0.6161911794839671,-1.5000000000000013
1.2968151488988957,1,0.2060434966840666,-0.6302762841432327,-1.5000000000000036
1.034309742237814,1,0.136816188763986,-0.5351678877782485,-1.500000000000001
1.120289060687341,1,0.1338301109283583,0.3932457116241786,-1.5000000000000016
1.052116082534618,1,0.04538183172810085,0.5866206782818046,-1.49999999999999
-0.822178098387016,1,1.1023312339211913,-0.7040654428810678,-1.5
-0.0186335406950752,1,0.9403161957979488,0.17245359059331003,-1.5
0.3915630075863691,1,0.6174021564517789,-0.3725481482049585,-1.5000000000000007
0.0940080082827212,1,0.21193092600684432,0.48911014689451005,-1.4999999999999996
0.3686927002867108,1,0.1655866885692037,-0.6919619000701834,-1.4999999999999993
0.1645626548713125,1,0.14265267471370666,0.5175444216757942,-1.5
0.0019138985068302,1,0.1837799330826947,0.13743723775893835,-1.5
0.1471929227448961,1,0.08931435161328674,-0.6771384159327821,-1.4999999999999996
0.689914148088202,1,0.3626285212964086,0.581582841638652,-1.5
0.4862125141900294,1,0.27415779138862434,-0.2940713102972327,-1.5000000000000007
0.6475412278279943,1,0.10748393203034294,-0.5854957732939189,-1.5000000000000018
0.8000509434972601,1,0.1569398647718324,-0.03439926796348614,-1.5
0.5568831150091751,1,0.12288795683126424,0.2995419123176731,-1.5
0.2170626488669322,1,0.29282642574760315,-0.1996778400747935,-1.5
0.1920141900346437,1,0.20381147616979228,0.6951101909993901,-1.5000000000000002
0.6438787989690427,1,0.25396229250464236,0.6993760511325753,-1.4999999999999993
0.390897696964844,1,0.22647137865800074,0.1453510228505492,-1.5
0.5427831492826775,1,0.12733745127451634,-0.23993328746318787,-1.4999999999999993
0.8282067793343139,1,0.22202667735374035,0.3535082167521308,-1.5
0.9577373695759448,1,0.2123016043821324,-0.42272525342875594,-1.5000000000000007
-0.648461357714981,1,0.8923005204092727,-0.690380307836749,-1.5
-1.002713724795504,1,1.0447278421160981,0.6167443401330057,-1.5000000000000002
-0.4239264593779374,1,0.291806259575006,-0.2662426452017446,-1.4999999999999996
0.5537237659288797,1,0.7866905707015551,0.30161312594568357,-1.5000000000000002
-0.0763513828383689,1,0.49558098732161826,0.33647233582006447,-1.5000000000000004
-0.3493966571586834,1,0.46317291830743895,0.44087378130016547,-1.5000000000000007
-0.8954428617688683,1,0.4170593543398829,-0.38176589609563394,-1.5000000000000004
-0.6029394457822155,1,0.27325465887948236,-0.08711479404340139,-1.4999999999999998
-0.5286418526013197,1,0.19391637417654892,-0.5921308464125427,-1.4999999999999993
-0.8036002808820835,1,0.1422363293829947,-0.4963243857515931,-1.4999999999999993
-0.9708092006346865,1,0.22326102951266566,0.2878926138487535,-1.4999999999999996
-1.0294249592374138,1,0.11718320084075581,0.5133346083956223,-1.5000000000000016
-0.7815895568731067,1,0.12952623119592777,0.5477134971989721,-1.5000000000000016
-0.3784202302457796,1,0.3285764877385711,0.2823090286185205,-1.5
-0.2179064152535586,1,0.2904160449202079,-0.4719743211541302,-1.5000000000000002
-0.6983593137903713,1,0.2445951381688861,-0.38029886275123254,-1.5000000000000004
-0.6276661133871392,1,0.25940172400808664,0.6484849531860756,-1.5
-0.709800053357618,1,0.04448670812759883,0.6548586071248234,-1.5000000000000002
-0.5063160036498223,1,0.10236991071096514,0.23076427519725748,-1.5000000000000004
-0.1950938674988672,1,0.2592255884608088,0.24962646694798632,-1.4999999999999998
-1.1727897455179026,1,0.49948902165536885,-0.4110581327239314,-1.4999999999999996
0.2242652342320364,1,0.7168814293572854,-0.4447953943619019,-1.5
0.0034906990233699,1,0.7510148351897938,-0.6389841809329453,-1.4999999999999996
-0.5735154403449113,1,0.4119327382380396,-0.48556410823896773,-1.4999999999999998
-0.3177836259233362,1,0.28912282212639917,0.13802869678379964,-1.4999999999999998
-0.797011325851778,1,0.23979448149215926,0.08215683637124697,-1.5
-1.3247927237184924,1,0.503699598860782,-0.05896818117560387,-1.5000000000000002
-1.1052770774303164,1,0.26513144428621316,0.20243347179548285,-1.4999999999999996
-0.8281806852189523,1,0.2488617575832545,0.14084573861542177,-1.4999999999999996
-0.706658451134939,1,0.20430649899230352,-0.43626320148001196,-1.5000000000000007
-0.9643094579800122,1,0.12889449010624657,-0.06929604863483531,-1.5
-0.8045213301289131,1,0.13005987737412972,-0.28422389987778485,-1.5000000000000007
0.1154754580204693,1,0.5827895275925825,0.6477768658041883,-1.5
0.2032839794303343,1,0.55823769856773,-0.6874754316248078,-1.4999999999999998
0.0959742362465886,1,0.05716353013506128,0.6156556236101419,-1.5
0.4105839389442954,1,0.15993119313639148,0.36623173962407435,-1.5000000000000002
0.226507199129141,1,0.1580624167701907,0.20479674825759153,-1.4999999999999998
0.0043876568988814,1,0.20339483635245917,-0.11409241914009291,-1.4999999999999996
-0.1799965709710628,1,0.20354358650071652,0.1130952800134355,-1.5000000000000004
0.2048844529559761,1,0.19249671481849367,0.051217557566982666,-1.5
-0.9838386326795414,1,0.6065418420677575,-0.4005645155316668,-1.5
-1.004422398865704,1,0.6923281167693183,0.7064036711895149,-1.5000000000000002
-1.0288433850766143,1,0.022529623965871524,-0.10396240745251814,-1.5000000000000002
-1.0877198875099727,1,0.04281996948613494,-0.457302079017678,-1.4999999999999998
-0.9336516552429208,1,0.07774416179734457,0.279111651542163,-1.5000000000000009
-0.7701837849174082,1,0.1587912367818965,0.0362352375942058,-1.5000000000000002
-0.939862362346792,1,0.09622121833736753,0.7037940258919395,-1.4999999999999971
-1.0055590696666523,1,0.12145534272723128,0.4815750855670825,-1.5000000000000013
-0.715409929733595,1,0.15214109419798577,0.5616890088960489,-1.4999999999999993
-0.7623906009429791,1,0.15573728468835357,-0.6354046682430894,-1.4999999999999998
-0.4260764176401504,1,0.1821301249923019,0.6545438109888876,-1.500000000000001
-0.9994037391644928,1,0.28809335153341853,0.208288372786377,-1.5000000000000004
-0.9203939118700968,1,0.31072403498848544,0.6560205379703928,-1.4999999999999993
-0.9398152586767536,1,0.04117144748433198,-0.5342519936036954,-1.499999999999998
-1.1171714158385324,1,0.10843875480583885,-0.681675345098193,-1.500000000000001
-1.0437384571274246,1,0.08911381962084482,0.20679752165809667,-1.5000000000000009
-0.5037630419183731,1,0.334971561392567,0.6690687541266489,-1.5000000000000007
-0.5410331801249929,1,0.30157229861683027,-0.6949761189154636,-1.4999999999999993
-0.6971834812517103,1,0.10261858676332758,-0.6036279747605784,-1.5
-0.6513043869438861,1,0.08025744709970997,0.4561772474577198,-1.5000000000000007
-1.298853979412984,1,0.3613476521668696,-0.694304535891196,-1.5
0.3930984390874049,1,0.8536979095088189,0.2778345781430714,-1.4999999999999998
0.4425161707751384,1,0.9914228074372607,-0.7051308450752408,-1.5000000000000002
-0.1085619397612799,1,0.3049022607941068,-0.6862671512241818,-1.5000000000000002
-0.2792170260757269,1,0.37720662989797893,0.5477972531151394,-1.5000000000000002
-0.1007831784402317,1,0.10084832306876172,-0.7023768837204994,-1.4999999999999996
-0.3726924213136164,1,0.13814902814042646,0.3607696567027059,-1.5000000000000009
-0.4206441609067385,1,0.17250364913745353,0.646135702394888,-1.5000000000000002
0.2964688849518611,1,0.40090051627004347,0.6957429496158541,-1.4999999999999998
-0.4521632245281225,1,0.4234175652270104,0.7027012775661079,-1.5000000000000002
-0.4554078401096322,1,0.4331626277669699,0.7070621478322928,-1.5
-0.2346101008143077,1,0.1265513932794641,0.7065839031232544,-1.5000000000000009
0.1460438375935998,1,0.3042458389513897,0.31188208861609307,-1.5000000000000004
0.0023803462753815,1,0.19222430108901328,-0.289526383599933,-1.5
-0.3889468526162666,1,0.27688481779172786,-0.4990529715883873,-1.5000000000000002
0.8775591470385524,1,0.6484741522809897,0.4286508448840631,-1.5
0.2054181440356098,1,0.6336508928850898,0.07503840861355418,-1.4999999999999996
-0.3707279224039386,1,0.6247584100446185,0.09384499480075018,-1.5000000000000002
-0.5173147799377411,1,0.38205036231507294,0.5918103619674143,-1.5000000000000004
-0.7494070850087126,1,0.19094172455920308,-0.26811581643086063,-1.5000000000000002
-1.1605453356928663,1,0.3257419856025746,-0.3252948722770367,-1.5
-0.4420363605827604,1,0.36050117214870747,-0.17464406066464055,-1.4999999999999998
-0.4697799131854234,1,0.40705890666190064,-0.7034132914959984,-1.5000000000000004
-1.3221723544765398,1,0.5003302153625897,-0.7046616111740835,-1.5000000000000007
-0.4655349289585181,1,0.49335899246212794,-0.7070478886527086,-1.5000000000000007
-0.1346822848926445,1,0.6128381809586035,-0.48241575304419926,-1.5000000000000007
-0.0570167365328901,1,0.2169418213216405,-0.6065234448038447,-1.4999999999999998
1.0385087282520398,1,0.6560722946339698,0.6959752218890135,-1.4999999999999993
0.721465816425034,1,0.5637267862466486,-0.46394119329802846,-1.5000000000000007
-0.2490957477767437,1,0.6708739628940353,-0.5336343613595308,-1.4999999999999998
-0.4093272901672123,1,0.6118764781390612,0.6529466118900104,-1.5
-0.1260780412776272,1,0.14203147555245524,-0.15922456790662284,-1.4999999999999998
0.4231967732746854,1,0.42328660013198993,0.36797112784037167,-1.5000000000000002
0.9544693992625836,1,0.5402987131028443,-0.02040109290010574,-1.5
0.4550114323037578,1,0.2979712056591583,0.698048890022741,-1.5
0.5449341817440118,1,0.2662278022087784,0.6174377315643582,-1.4999999999999998
0.4660297064226768,1,0.04904660956201139,0.667172048541582,-1.5000000000000013
0.1472849451001991,1,0.21053465846888048,-0.5970191375220346,-1.5
0.8366108902152852,1,0.3449876556391649,0.09178174001972797,-1.5
0.8009813646995567,1,0.38810624204683103,-0.7004083249820877,-1.5000000000000004
-1.0525434510701512,1,1.0805652711243474,-0.7062419996658389,-1.5000000000000004
-0.2381791984700232,1,0.9290315795344823,0.14721085713305554,-1.5000000000000004
-0.1021913734207937,1,0.5139472891206908,-0.6518216338766606,-1.4999999999999998
-0.4908828335918126,1,0.19724471559261347,-0.3482621168358467,-1.4999999999999991
-0.3809900092406886,1,0.2003688945373766,0.4754558791439457,-1.5
-0.5641116559215706,1,0.09217052199301931,0.23930955382784022,-1.5000000000000009
-0.8423929531263763,1,0.23233119122045548,-0.24614400527244576,-1.4999999999999998
-0.6014481215501875,1,0.15104574577641203,-0.6588115823524353,-1.4999999999999991
-0.5884034851329935,1,0.14302402144051846,-0.7004951770206705,-1.4999999999999998
-0.3421049501604044,1,0.14611183582871112,0.7007714432498224,-1.5000000000000007
0.0856668490613028,1,0.34108222273127214,0.3155657188932005,-1.5000000000000002
-0.1108080144303006,1,0.21412198885664555,-0.09929579787028042,-1.5000000000000002
-0.1111450233955327,1,0.11353222648147573,0.707099771772336,-1.4999999999999998
-0.4540146330844048,1,0.1980532192413716,-0.7071044778548179,-1.5000000000000004
-0.4772466920580911,1,0.2049917598384011,0.6969030680316138,-1.5000000000000002
-0.6161979189296307,1,0.0877027082637929,-0.6516968446543882,-1.4999999999999987
-0.2222360896295356,1,0.1998098153017692,0.342361962946611,-1.4999999999999998
0.1619540490118393,1,0.38908620955300244,-0.015378326188863731,-1.4999999999999996
-0.0405743729467466,1,0.19218949140472683,0.06640039537611084,-1.5000000000000004
-0.4620268964473835,1,0.31832693140917023,-0.39901638702525855,-1.5
-1.3718055913153826,1,0.6803793133196644,-0.4143593651071288,-1.5
-0.0005896572520772,1,0.6977170793835444,-0.37544688484461913,-1.5000000000000002
0.3327725688630968,1,0.9034148378778359,-0.600338703013557,-1.5
0.309938296860321,1,0.1862253957187271,-0.695165449440093,-1.5
-0.1242595388341869,1,0.2575291284385453,-0.7008578868694957,-1.5000000000000002
-0.0288536206343621,1,0.22818487136130858,0.5706015749284475,-1.5000000000000002
0.1622607835052021,1,0.1459000227385361,0.3825012724871893,-1.4999999999999998
0.5560035592864219,1,0.2982213970230838,0.3947371373927511,-1.4999999999999998
0.6685813218617072,1,0.26585322193143757,-0.567153961185509,-1.4999999999999996
0.507352242618703,1,0.08269977754250857,0.4419334056164224,-1.5
0.4979467625033594,1,0.095916136891506,0.699465245578353,-1.4999999999999976
0.4431894004625264,1,0.034649920796946315,-0.6489454582769862,-1.500000000000003
0.37816833242901,1,0.059962460891441166,-0.10447786074366826,-1.5
0.4055682300515134,1,0.03264415757073564,0.1896523915230373,-1.4999999999999991
-0.1328655485546398,1,0.3032648226240067,-0.7006186188412642,-1.5
-0.3459104984974099,1,0.38730250108963443,0.47413062252528243,-1.5
0.0542861633382349,1,0.2002378927280174,-0.07904020845482919,-1.4999999999999996
0.3521722489480314,1,0.3502886929437129,-0.17716335180740928,-1.4999999999999998
0.7243153808891204,1,0.3356997127947046,0.13472084207154622,-1.4999999999999998
0.0651386612217403,1,0.3305028337965698,0.15653334957991874,-1.4999999999999998
-1.5898978827925343,1,1.1922837287865011,-0.4718378666533587,-1.4999999999999998
1.077565269816477,1,1.346570537225347,-0.2848413376942487,-1.4999999999999996
0.2074344011548312,1,1.360324148750591,-0.39584899231936677,-1.4999999999999996
-0.6789529448048349,1,0.8782716449530972,-0.011334351615292547,-1.5000000000000002
-0.4802310862792772,1,0.4651266362940423,0.5646912212690046,-1.5
-0.0416420189401179,1,0.32609200216907863,0.4233687292715389,-1.5
0.8933513277342664,1,0.7015817339414867,0.4091826812664342,-1.5000000000000002
0.2363958102260101,1,0.48012292605770895,0.44984380824423087,-1.5
0.1403270531020172,1,0.40985064683477307,0.6636507717641479,-1.4999999999999996
-0.4912185102598774,1,0.3952850456893044,-0.6604095220777331,-1.4999999999999993
0.0563500914118496,1,0.3429609555604273,-0.6597111819293746,-1.5000000000000002
0.5258294859909345,1,0.5090233953609689,-0.09369830961067967,-1.4999999999999998
0.8206381058506964,1,0.38545626498406876,-0.2711670560038145,-1.5
0.7487981575393508,1,0.15372493237870666,-0.5373783906882654,-1.4999999999999996
-0.0316099287564414,1,0.47267403705248084,-0.6887752659894456,-1.4999999999999998
0.0504365389331483,1,0.4288506644428524,0.6781011347811688,-1.5000000000000002
-0.1078631143062018,1,0.07916749267903862,0.044785243842565166,-1.4999999999999998
0.5089152370695392,1,0.3203323876814779,0.517855572943263,-1.5
1.5215793912938094,1,0.8226975044563812,0.2870947913825445,-1.5
0.4005335494626776,1,0.6183282648866084,0.6827445815942098,-1.4999999999999998
-1.3088818924995709,1,1.4253862641262727,-0.24798903099685626,-1.5000000000000002
0.4826956039864715,1,1.0114841968066655,-0.7018615674592105,-1.5000000000000002
-0.4828301613478659,1,0.8966931277364242,0.09499398930692862,-1.4999999999999998
0.3953933999382593,1,0.5340315692844081,-0.6859065065384135,-1.5
0.5380208719670727,1,0.5528345218953526,-0.6545268393611057,-1.5
0.0085003136497146,1,0.2739893178197263,-0.497726819864216,-1.4999999999999998
-0.258622638116802,1,0.40546014502043,0.37786096581354084,-1.4999999999999998
-0.1602237498546613,1,0.13509553544134792,0.30917784383805613,-1.5
0.7382578431735328,1,0.5493514673684697,0.6816700825843963,-1.5
-0.1743251540145514,1,0.5228568557082229,0.706528200779622,-1.5
0.2618242280270207,1,0.4564396637478661,0.053999696402736025,-1.4999999999999998
0.8894580442964243,1,0.5347562036088425,0.21615313545342998,-1.5000000000000002
0.6960323686649396,1,0.32142246569341393,-0.43013403050501015,-1.4999999999999998
0.239964486507873,1,0.33347995610369435,-0.4490526691785539,-1.5000000000000002
-0.2766963268113545,1,0.4866787825246264,-0.0761108442060457,-1.4999999999999998
0.6251813886198384,1,0.4525324797337385,-0.17620407253512604,-1.5
-0.0285041916719449,1,0.46588403196107375,0.48812987894151944,-1.5
-0.3356558634096921,1,0.4907231419412829,0.408478210200996,-1.5000000000000002
0.0782723671858602,1,0.21489530902929097,-0.5158353038596497,-1.5
0.8790443930287927,1,0.6175312583786434,0.36688569559648504,-1.5
-1.351724339508814,1,1.1300778407258536,-0.3292221983849351,-1.5000000000000002
-0.2603169804825569,1,1.1154702671111245,0.02632045632485085,-1.4999999999999998
-0.0150459997849004,1,0.7115753486919182,-0.6137724435847952,-1.4999999999999996
0.3252957455342821,1,0.29408973189945636,0.19566376354070564,-1.5
0.6705030702705631,1,0.34277741274097556,0.008692171373867179,-1.5
0.2626872460871596,1,0.2196215182645554,0.6430087819676558,-1.5000000000000002
0.0809660510908182,1,0.3019078877595532,0.43001996926588587,-1.4999999999999998
0.7627229268098189,1,0.3530464351651181,0.5022576936425313,-1.5000000000000002
0.4132334123711672,1,0.3409146906155275,0.030926744039330854,-1.5000000000000004
0.0908386295129066,1,0.33603318925143305,0.04934060564436077,-1.5000000000000002
-0.1884248254797574,1,0.3010866731475991,0.08752367605752824,-1.5000000000000002
0.8000479956167428,1,0.509582266879828,0.4758053684734003,-1.5
0.606243753698689,1,0.523790154063848,-0.5997670580960877,-1.4999999999999991
-0.0964435922054224,1,0.47170378369535476,-0.5752074302920358,-1.4999999999999996
0.6451777191633578,1,0.4173902109610982,-0.7001913975494318,-1.5000000000000002
0.5730174068939677,1,0.40893913757801453,-0.6824177813197774,-1.5000000000000007
0.7097486382975841,1,0.06840071138248366,-0.06785277171789217,-1.5000000000000002
0.1724134018116376,1,0.2792573946793354,-0.521232023645604,-1.4999999999999996
-0.0038151214357856,1,0.3716985534857028,0.5325335240936863,-1.5000000000000004
0.2927711568641414,1,0.14916763616986856,-0.2257889954488822,-1.4999999999999998
-0.99928132431204,1,0.6767958820375853,-0.5574326098729523,-1.5
0.340059320512192,1,0.7599856519931719,-0.7040281588706339,-1.4999999999999996
0.0967559709020726,1,0.7134806275470931,-0.6157291593779222,-1.4999999999999998
0.3477269206136526,1,0.14273619584273844,-0.7048119137153245,-1.5
-0.0316823623950256,1,0.19297418959212276,0.37141818098711343,-1.5000000000000002
0.0193247458649677,1,0.20591305507659605,0.6586073926687053,-1.4999999999999998
0.1333964755638502,1,0.08452327820526577,0.4286422313772321,-1.5
-0.05260074722323,1,0.09379108251585579,0.2690035030257658,-1.5000000000000004
0.7095694789314276,1,0.39738179591142786,0.5368612716338087,-1.5000000000000002
0.964305718749938,1,0.5291333741839153,-0.5272504827857156,-1.5000000000000002
1.3473481016848925,1,0.3210331215110138,0.24040090868630534,-1.4999999999999996
0.7803923343213697,1,0.2892474264487017,0.39937984622445244,-1.5
0.3219886564478267,1,0.5136365066808085,0.12877669604657976,-1.4999999999999996
-0.1437965681992829,1,0.46209936430199805,-0.00978172221923836,-1.5000000000000004
0.3610728419974604,1,0.28088448705592944,-0.6917356311966293,-1.5000000000000004
1.093612390185534,1,0.6221854280548758,0.22074562629804975,-1.5000000000000002
0.6804934421355172,1,0.3672671540559335,0.1551005210391481,-1.5
0.6313461511611622,1,0.25389394018952677,0.677415439640849,-1.5000000000000004
0.1931647520517991,1,0.26829947413113164,-0.6805072860127577,-1.5
0.8974296448893635,1,0.35561974154132886,-0.2886387290011009,-1.4999999999999996
-0.6811826229233734,1,0.7908317418492957,-0.13102476174303107,-1.4999999999999998
0.0220193988708132,1,0.790870077233355,0.13263874940883916,-1.5
-0.0739849581173818,1,0.3813132841820061,-0.6570148712819045,-1.5
0.0238449354900022,1,0.05596257265335937,-0.7062603821984756,-1.5
0.004931545670186,1,0.05189126286084537,-0.6029019210651544,-1.4999999999999998
0.3128066429007499,1,0.1725512774795433,0.6975613473415408,-1.5000000000000002
0.3480658070815566,1,0.18875531140773025,-0.6794501981000155,-1.5000000000000002
-0.008320521042648,1,0.1963742510933747,-0.6815474896282891,-1.5000000000000004
0.1381263010251635,1,0.1791333222169125,0.21402176646298884,-1.4999999999999998
0.3000284705838567,1,0.15423903788095084,0.06129362556339384,-1.5
0.1247148804677127,1,0.09757649442752035,0.6921085425815107,-1.5000000000000007
0.1041775970387882,1,0.10763688924528428,0.6782566595304992,-1.5000000000000009
-0.4722227168286155,1,0.3388690988427526,-0.7041860381372523,-1.5
0.32482747062103,1,0.4115443859925306,-0.48540175062527324,-1.5000000000000004
-0.2107948032962032,1,0.4063095649878499,0.39234290596833254,-1.5
-0.1634201204702058,1,0.29651343170687466,0.6868540630630452,-1.4999999999999998
-0.406602649795074,1,0.12892039914370698,-0.6012094565999294,-1.4999999999999998
-0.2229443747215523,1,0.1267617459488519,-0.5357811049159361,-1.4999999999999996
-0.2017370065466532,1,0.11265733165332506,-0.679021244776106,-1.4999999999999991
-0.0735251992311029,1,0.08084358354694864,0.6527588592524833,-1.5000000000000004
-1.2874907964440847,1,0.6669597727784942,-0.6778237733290536,-1.5000000000000002
0.4859460252493042,1,0.9066236524210982,-0.41647530582373266,-1.5000000000000004
1.802369570487121,1,1.5505529227841424,-0.1787497509962865,-1.5000000000000004
1.86480059388606,1,0.7786856987460287,-0.7019967560976775,-1.4999999999999993
1.42029455033928,1,0.2406465514861871,-0.6539435320173589,-1.5000000000000009
1.960184427082781,1,0.2881448644330844,-0.6209385743076224,-1.4999999999999998
2.655786311806096,1,0.619379118377569,0.15286941715598212,-1.4999999999999996
2.5518516471944346,1,0.3752187130845904,-0.6465603502788295,-1.4999999999999996
1.1373173858209302,1,0.8482784006729841,-0.6951833491685957,-1.5000000000000007
1.0985533384458666,1,0.8280988067233456,0.7053640424527146,-1.5000000000000004
1.1927520582978477,1,0.04734457572455438,0.21265367350673453,-1.500000000000003
1.3912197786407776,1,0.1493968317692779,0.40426294423162873,-1.5000000000000002
2.4828420504245186,1,0.6946654840110394,0.642728486356859,-1.4999999999999998
1.8291123012960424,1,0.5493559305446096,0.23646928571633677,-1.4999999999999996
1.7770206085903033,1,0.39333192876106415,0.693179669825282,-1.4999999999999998
2.262702866731753,1,0.26664632591916004,0.6768676443798252,-1.4999999999999991
1.0388129823520258,1,0.6162716127916186,-0.24624627314988964,-1.5000000000000009
0.6038570593395616,1,0.8601223281945863,0.5091825248407718,-1.4999999999999996
0.9747764711024604,1,0.23482920735403404,-0.6484123867275701,-1.4999999999999993
0.5359466319624896,1,0.2362077700841138,0.6419217065248342,-1.4999999999999991
-0.8679962934043015,1,0.9625866910755759,-0.5454011308920247,-1.4999999999999998
1.3872204624265727,1,1.138838991246551,-0.2894027968965842,-1.5000000000000004
1.241667823583083,1,1.2621325123878484,-0.696541884640861,-1.5
1.4768136808773027,1,0.11867749693268978,-0.2816157304166844,-1.4999999999999984
0.6480885995786653,1,0.4270860822179597,-0.4737145991980647,-1.5000000000000004
0.8808501561142432,1,0.4274216741935051,0.47861485853042174,-1.5000000000000002
0.6284709210990517,1,0.14039116411929253,0.6916054874005605,-1.500000000000001
0.8955636775681833,1,0.15013899478964945,-0.6994745970515316,-1.4999999999999991
0.5328698907947139,1,0.18798265900413194,0.5069921717289964,-1.500000000000001
0.3590127369238974,1,0.2737578019656499,0.4000789098330178,-1.4999999999999993
1.4003128959909354,1,0.5578216110443857,0.630619422348612,-1.4999999999999998
0.9756741723286908,1,0.5235926203996778,-0.22122566165206065,-1.5
0.8451413340529276,1,0.29027927090030525,0.549677169919677,-1.499999999999999
0.8639052192418634,1,0.07057289863420627,0.6512875458055122,-1.500000000000002
1.8689948380719392,1,0.5857805651378535,0.7062906373266327,-1.499999999999999
0.4956994108278735,1,0.7108353055524665,0.4997264260736981,-1.4999999999999996
0.3634743870379433,1,0.8336681609896592,0.6871478538267705,-1.5000000000000002
0.4362710039889005,1,0.06622504548274621,-0.12305404490090112,-1.5
0.428438189224148,1,0.03996038876419289,-0.6766651267336666,-1.5000000000000042
0.8073134709532219,1,0.2165180301897013,0.7060658407287352,-1.5000000000000002
-2.041256276217637,1,1.5468940297811893,-0.6596850985132914,-1.5
0.3972354248107058,1,1.5399542950149103,-0.6511153538292822,-1.5
0.5947618190146372,1,1.468210353388511,-0.6927356559505629,-1.5
0.7249544487499036,1,0.1650083613518957,-0.24526305551306385,-1.4999999999999996
-0.0736603141138294,1,0.42847088745080253,-0.6343710675786223,-1.5
0.6832384390922431,1,0.4495222440789295,-0.7002621397760169,-1.500000000000001
0.1129843035624792,1,0.3943183390361196,0.5330947376809166,-1.5000000000000002
0.2908361937625817,1,0.2917763401637997,0.42323988852915495,-1.5
0.822859608399591,1,0.3693695432732497,0.5271924981725976,-1.5000000000000002
0.3687343264547323,1,0.28732873290026234,0.6490863328778993,-1.5
0.8127076614398956,1,0.2593084250805047,-0.705887697277688,-1.499999999999999
0.5805238214830445,1,0.22206472326751903,0.05618735949420241,-1.5000000000000004
0.8118517743455619,1,0.13380501351802956,-0.7070742332203102,-1.5000000000000018
1.339776129866504,1,0.3891616662162703,0.43659289968163645,-1.4999999999999993
2.4441661979740443,1,0.8329497709218237,0.40125441988806315,-1.4999999999999998
-0.1612051991765647,1,1.3077068026231355,-0.18381771069813502,-1.5000000000000002
0.0032490087984819,1,1.459056888771186,0.6970140774754542,-1.4999999999999998
1.364474251117433,1,0.8374243380644769,0.676551645900999,-1.5000000000000004
0.4126853345187738,1,0.6983879541374365,0.44368881015218287,-1.5
1.6071674471123203,1,0.6313463981112328,-0.5913834657284158,-1.4999999999999993
-1.197001205729738,1,1.4071981682729924,-0.17893729732201252,-1.5000000000000002
